/* setting up the database */

DROP TABLE IF EXISTS regions;

CREATE TABLE regions (
id INT PRIMARY KEY,
name VARCHAR(250) NOT NULL,
/*From towns table*/
capital_id INT NOT NULL
);

INSERT INTO regions( id, name, capital_id) VALUES
( 1 , 'Kunene', 12),
( 2 , 'Omusati', 18),
( 3 , 'Oshana', 21),
( 4 , 'Ohangwena', 13),
( 5 , 'Oshikoto', 24),
( 6 , 'Kavango East', 9),
( 7 , 'Zambezi', 28),
( 8 , 'Erongo', 29),
( 9 , 'Otjozondjupa', 32),
( 10 , 'Omaheke', 37),
( 11 , 'Khomas', 29),
( 12 , 'Hardap', 35),
( 13 , '!Karas', 39),
( 14 , 'Kavango West', 10);

DROP TABLE IF EXISTS towns;

CREATE TABLE towns(
id INT PRIMARY KEY,
name VARCHAR(250),
region_id INT
);

INSERT INTO towns(id, name, region_id) VALUES
(1,'Karasburg',13),
(2,'Lüderitz',13),
(3,'Oranjemund',13),
(4,'Arandis',8),
(5,'Karibib',8),
(6,'Usakos',8),
(7,'Aranos',12),
(8,'Rehoboth',12),
(9,'Rundu',14),
(10,'Nkurenkuru',6),
(11,'Khorixas',1),
(12,'Opuwo',1),
(13,'Eenhana',4),
(14,'Helao Nafidi',4),
(15,'Okahao',2),
(16,'Oshikuku',2),
(18,'Outapi',2),
(20,'Ruacana',2),
(21,'Oshakati',3),
(22,'Ondangwa',3),
(23,'Ongwediva',3),
(24,'Omuthiyagwiipundi',5),
(25,'Oniipa',5),
(26,'Okakarara',9),
(27,'Otavi',9),
(28,'Katima Mulilo',7),
(29,'Windhoek',11),
(30,'Walvis Bay',8),
(31,'Swakopmund',8),
(32,'Henties Bay',8),
(33,'Omaruru',8),
(34,'Otjiwarongo',9),
(35,'Okahandja',9),
(36,'Grootfontein',9),
(37,'Mariental',12),
(38,'Outjo',1),
(39,'Gobabis',10),
(40,'Tsumeb',5),
(41,'Keetmanshoop',13);

DROP TABLE IF EXISTS constituencies;

CREATE TABLE constituencies(
id INT PRIMARY KEY,
name VARCHAR(250),
region_id INT
);

INSERT INTO constituencies(id, name, region_id) VALUES
(1,'Epupa',1),
(2,'Opuwo Urban',1),
(3,'Opuwo Rural',1),
(4,'Sesfontein',1),
(5,'Khorixas',1),
(6,'Kamandjab',1),
(7,'Outjo',1),
(8,'Anamulenge',2),
(9,'Elim',2),
(10,'Etayi',2),
(11,'Ogongo',2),
(12,'Okahao',2),
(13,'Okalongo',2),
(14,'Onesi',2),
(15,'Oshikuku',2),
(16,'Otamanzi',2),
(17,'Outapi',2),
(18,'Ruacana',2),
(19,'Tsandi',2),
(20,'Okaku',3),
(21,'Okatana',3),
(22,'Okatjali',3),
(23,'Ompundja',3),
(24,'Ondangwa Rural',3),
(25,'Ondangwa Urban',3),
(26,'Ongwediva',3),
(27,'Oshakati East',3),
(28,'Oshakati West',3),
(29,'Uukwiyu',3),
(30,'Uuvudhiya',3),
(31,'Eenhana',4),
(32,'Endola',4),
(33,'Engela',4),
(34,'Epembe',4),
(35,'Ohangwena',4),
(36,'Okongo',4),
(37,'Omulunga',4),
(38,'Omundaungilo',4),
(39,'Ondobe',4),
(40,'Ongenga',4),
(41,'Oshikango',4),
(42,'Oshikunde',4),
(43,'Eengodi',5),
(44,'Guinas',5),
(45,'Nehale lyaMpingana',5),
(46,'Okankolo',5),
(47,'Olukonda',5),
(48,'Omuntele',5),
(49,'Omuthiyagwiipundi',5),
(50,'Onayena',5),
(51,'Oniipa',5),
(52,'Onyaanya',5),
(53,'Tsumeb',5),
(54,'Mashare',6),
(55,'Mukwe',6),
(56,'Ndiyona',6),
(57,'Ndonga Linena',6),
(58,'Rundu Rural',6),
(59,'Rundu Urban',6),
(60,'Kabbe',7),
(61,'Katima Mulilo Rural',7),
(62,'Katima Mulilo Urban',7),
(63,'Kongola',7),
(64,'Linyanti',7),
(65,'Sibida',7),
(66,'Judea Lyaboloma',7),
(67,'Kabbe South',7),
(68,'Arandis',8),
(69,'Daures',8),
(70,'Karibib',8),
(71,'Omaruru',8),
(72,'Swakopmund',8),
(73,'Walvis Bay Rural',8),
(74,'Walvis Bay Urban',8),
(75,'Grootefontein',9),
(76,'Okahandja',9),
(77,'Okakarara',9),
(78,'Omatako',9),
(79,'Otavi',9),
(80,'Otjiwarongo',9),
(81,'Tsumkwe',9),
(82,'Aminus',10),
(83,'Epukiro',10),
(84,'Gobabis',10),
(85,'Kalahari',10),
(86,'Okarukambe',10),
(87,'Otjinene',10),
(88,'Otjombinde',10),
(89,'John Alfons Pandeni',11),
(90,'Katutura Central',11),
(91,'Katutura East',11),
(92,'Khomasdal',11),
(93,'Moses //Garoeb',11),
(94,'Samora Machel',11),
(95,'Tobias Hainyeko',11),
(96,'Windhoek East',11),
(97,'Windhoek Rural',11),
(98,'Windhoek West',11),
(99,'Aranos',12),
(100,'Daweb',12),
(101,'Gibeon',12),
(102,'Mariental Rural',12),
(103,'Mariental Urban',12),
(104,'Rehoboth Rural',12),
(105,'Rehoboth Urban East',12),
(106,'Rehoboth Urban West',12),
(107,'Naminüs',13),
(108,'Berseba',13),
(109,'Karasburg East',13),
(110,'Karasburg West',13),
(111,'Keetmanshoop Rural',13),
(112,'Keetmanshoop Urban',13),
(113,'oranjemund',13),
(114,'Kapako',14),
(115,'Mankumpi',14),
(116,'Mpungu',14),
(117,'Ncamagoro',14),
(118,'Ncuncuni',14),
(119,'Nkurenkuru',14),
(120,'Tondoro',14),
(121, 'Muses', 14);
